age,income,loan_amount,interest_rate,loan_status
56,81788,12390,17.573868339633815,0
69,102879,21131,9.139478826054809,0
46,58827,30218,6.00094807495346,0
32,25655,11433,11.048557020700208,1
60,64859,16038,14.139157273583578,0
25,73625,29182,17.533565916358796,0
38,72098,12528,22.074206944812506,0
56,35251,22281,9.32679147577023,0
36,20526,9605,7.948220903020303,1
40,88760,35782,24.287858975749387,0
28,67837,2381,7.606868907839939,0
28,31536,2098,14.83057586709019,1
41,48541,20810,16.918492711469387,0
53,99083,25322,16.056801207695045,0
57,71027,33955,7.177627062142392,0
41,54531,11207,6.612024823070578,0
20,28712,22793,7.556926835490195,0
39,85455,3092,16.918959835515942,0
19,94744,29220,16.11472530886926,0
41,25109,19514,10.057945444716513,0
61,69268,39010,17.936595765989036,1
47,74615,9549,21.491316290085162,1
55,102503,23031,6.3107897170085785,0
19,49759,6185,15.213533899186826,0
38,105708,16271,18.94155303600246,0
50,80112,6776,10.4200825778589,0
29,46589,13449,11.501532653216408,1
39,50015,25297,17.465939108292986,0
61,49009,16717,23.00973822215287,0
42,103309,11350,21.293526195906537,0
66,82046,31622,16.871039272441877,0
44,46143,36323,19.73932349626636,0
59,26154,3951,12.614038169052074,0
45,41804,18622,17.998827797925777,1
33,61688,5727,14.590541026987362,1
32,84288,39454,9.203754660922439,0
64,71195,37469,19.183896340606516,0
68,40581,36548,16.351060428302027,1
61,72648,24782,12.493120848095032,0
69,50087,29454,23.271114206533298,0
20,69930,3368,5.9082152976212985,0
54,52981,16592,11.657576449365173,1
68,89298,23173,6.609187256664108,0
24,66167,34204,20.44728266632173,0
38,95304,36596,19.191095355218955,1
26,63408,35324,11.961368265358182,1
56,59499,24864,18.675426593037926,1
35,72269,31750,13.220775910821022,0
21,58559,11576,20.246948932737467,0
42,94319,17566,14.356581423365768,0
31,115317,8190,13.539454692717479,1
67,116347,24071,23.72723335202187,0
26,68787,39333,10.392142447868654,0
43,55488,16369,7.848723129933026,1
19,94441,25035,16.898590708559432,0
37,94663,2589,24.401775339541487,0
45,42431,26235,12.86786466768014,0
64,81681,1159,6.709716890761239,0
24,83483,13145,12.116452712536566,0
61,69153,16373,15.36566725923139,0
25,26368,32921,8.657498629328167,0
64,47424,17237,18.332993252101595,0
52,65004,9244,24.956113085698913,0
31,103869,15743,14.308919781638155,0
34,108652,32566,12.417206856239147,1
53,76985,19691,13.313731253272099,0
67,70069,34996,7.745350478706422,0
57,72326,6590,22.723835227811364,1
21,101061,6585,13.589100282666363,0
19,43398,10227,13.051851022784405,1
23,118393,29278,18.36396032214425,1
59,70861,39814,14.119651708156908,0
21,95897,13237,18.140552641752997,1
46,101905,16649,6.698202657550357,0
35,88577,38713,21.367605202583434,0
43,85641,8927,23.83982708114835,0
61,29078,8016,18.150925030108027,0
51,45003,15027,24.11403561274681,1
27,82768,25142,8.452930130214284,0
53,71047,24545,14.809615694866897,0
31,91626,32897,17.23523131193622,0
48,77660,4167,16.84386462471314,0
65,69786,27917,13.328504692236343,0
32,21925,23736,12.092645982642097,0
25,103976,28990,7.973068439733167,1
31,46015,15087,13.138977785964425,0
40,53320,23440,8.67188589455696,1
57,84881,36205,19.82013069159826,0
38,110827,16275,9.572203242144504,1
33,46289,6276,6.64202345304841,0
62,23389,38496,16.27113968743607,0
35,45683,20008,17.106979788028333,0
64,33629,6738,22.502304694969858,1
41,81550,33402,16.751141442144796,0
43,44826,6793,12.236876647607192,1
42,46630,38291,21.15873168976325,0
62,118762,6571,16.035438417154708,0
58,66163,32331,7.045965550308239,0
46,118511,17209,16.53408592610831,1
32,86435,26394,23.206361635722416,0
62,31653,26682,13.2280961972153,1
18,47961,3224,11.278353137046102,1
42,101941,33441,8.29765441185139,0
24,94137,35716,8.453187677739468,0
26,53662,27586,13.939043944665467,0
41,118818,24478,17.115756571149824,0
18,76446,7318,7.072000400807234,1
61,41288,29694,23.821587485990733,0
25,115081,21180,20.22510554018132,0
41,56877,13180,16.93916640653142,1
28,35313,34002,21.65455408331032,0
68,100885,16372,7.063641757836209,0
34,92715,30796,14.798358115795926,0
25,30326,25427,17.786815973802437,0
52,21560,34290,21.65873166930664,0
52,99148,29099,20.77765642096072,1
50,103186,10821,10.902850369411293,0
22,46745,6832,23.847163306404482,0
59,51890,13820,7.924743907901972,0
56,40022,17211,22.565105563112468,0
58,72579,6842,24.43333486729006,0
45,90316,2316,8.954493702841198,1
24,103847,18508,19.580288251973812,0
26,48380,23005,6.28556761617097,0
25,22356,16206,13.405745090213522,0
29,90326,19971,15.567524334354644,0
51,112447,26599,16.822581905237865,0
50,109899,23056,23.75077634084691,0
65,40049,2378,18.608888402236797,0
40,95717,2519,14.884920048775122,0
41,36082,23161,21.28866320718484,0
54,20661,39861,24.035390008610975,0
52,57412,6355,5.930289899304672,1
61,22920,10083,24.659164808992756,0
57,111194,39342,7.179576711741767,0
39,80315,21456,21.380542195740844,0
44,99561,14324,10.966527674752545,0
52,28946,3257,8.0775033262005,0
18,114242,28364,14.077184974419781,0
52,65500,25972,18.057153299228464,0
54,36309,27654,12.928560977957762,0
64,75230,16233,6.56402546151263,0
31,118656,16887,17.189492223344974,0
20,50027,30320,23.096863884158157,0
18,92541,21808,12.97269963597141,0
22,79321,31154,9.718489163801127,0
43,20956,35773,14.1302582456899,0
31,94131,28747,6.443072865451227,0
56,67908,11860,21.49950789736536,0
44,98339,19156,21.613645813528642,1
26,45963,21360,16.966009036877754,0
32,59443,19135,12.385506334298594,0
32,119259,26351,21.095775606692776,0
43,59063,31499,16.31639698337316,1
59,100818,24554,21.605680016725316,0
30,24703,20604,17.813446455368904,0
68,85128,17923,20.795906727649548,0
49,92099,9547,17.17197836774632,0
56,45849,34002,13.575750830205491,0
66,51860,15562,24.179944268559684,0
69,51585,8480,16.051719585137473,1
49,42015,27672,17.2992456115405,1
21,97539,5213,9.79950896858761,0
47,63585,11293,17.70019039383189,0
54,46958,35441,16.646349164917403,1
40,46017,3100,9.104348759966987,0
56,96707,29172,6.661948398386302,0
62,65350,21132,17.285006734438035,0
32,32201,19199,20.39199925233125,0
60,49426,37609,15.70632673297916,0
46,37778,9016,9.922066193733091,0
53,65241,38261,18.49717854551418,0
30,62229,32881,7.062061668887244,0
49,106652,18058,14.115757243638114,0
24,68364,25472,8.685651788769194,0
68,118833,35926,9.096951495667724,1
39,104878,35832,9.444732008584971,0
45,77056,37021,13.040787612357569,0
19,47490,25087,6.497429009597754,1
59,39975,13828,13.256972098117416,1
62,46723,32128,15.478295218736667,0
23,43279,2401,14.924238556843342,0
45,98301,20643,12.964289957859291,0
45,31561,16193,21.863358857379673,1
61,86061,27853,8.33387050219983,1
61,108397,21307,15.361086503736793,1
37,69153,37982,6.709807630652809,0
47,53142,20611,6.88753573811924,0
28,46916,12950,16.690384068703377,0
45,84324,11704,16.537359285312508,0
42,64965,12867,22.621653500466913,0
56,24648,3745,16.37853667537143,0
50,55133,4866,24.215924897894578,0
18,70677,33245,6.44954954379863,0
44,116059,6818,7.411149853224451,0
69,114588,31116,6.359284300622437,0
30,119950,16493,9.11289858150403,0
58,118317,29038,16.054767163362722,0
20,90135,21447,18.088657537834848,1
56,55046,31431,6.388910579999042,0
23,67064,18908,23.946432351989188,1
25,89350,30336,21.92222484468243,0
44,65893,5025,11.283943402063315,0
26,81272,21093,7.005156839416125,0
54,112152,7155,8.812797927771616,0
50,87649,34487,7.975416068221968,1
68,84674,21963,7.9040336963294635,0
59,33760,21936,15.611952928981811,1
61,41927,5426,10.294025128621307,0
41,106475,24303,12.483724472318317,1
32,81367,28606,24.795354000994287,0
49,117955,29151,18.844127854044224,1
49,32588,14767,24.005123007416525,0
41,72233,12308,8.279852823145754,0
58,64738,25770,12.9517197592351,0
69,53397,29572,16.317270164005908,1
66,102189,3204,6.9967822068303915,0
66,96367,28233,5.581655150745179,0
69,91260,22729,18.573469509039892,1
29,96619,32131,18.01548057762799,0
56,39816,34870,13.51038179499243,0
19,62240,39011,15.048059482624636,0
20,26276,22607,13.601138511545747,0
66,99530,25968,5.968098374475333,1
54,43499,34398,12.039746321240518,1
66,108576,12908,8.953103980247151,0
34,102495,27423,7.419271687476691,1
66,91635,10171,24.15604846084232,0
19,105112,13721,17.187514638322227,0
19,55946,17616,19.708797542613752,0
45,75204,39458,11.649592993689291,0
40,71886,8659,13.166369025133296,0
54,91652,12704,10.120017880986108,1
49,35563,33793,7.390830583825783,1
50,112324,32226,8.991116930110884,0
18,112464,24852,21.051523883281476,0
36,29847,33082,18.712143201083627,0
19,46155,23794,16.1651130817168,1
61,99671,14379,14.764252520901977,1
43,103310,8006,23.487468531294425,0
49,87278,9682,6.918331481684033,1
23,38309,34840,10.971715858139362,0
49,20619,33430,12.323788144628924,0
21,103194,24091,20.757303338149363,0
28,70108,33983,24.85403509315844,0
34,54707,24989,10.193075037764485,0
55,40337,10915,22.548993015673073,0
41,101537,19990,21.69714382841993,0
22,86504,25734,9.88081925401445,0
69,67614,15824,13.286985313884841,0
51,111428,37081,13.488620951204123,0
23,111155,12033,24.575303036267886,0
39,20281,17241,9.027392076888518,1
28,47420,6939,21.08358043654325,0
65,100896,36063,12.016757926375643,0
33,59030,35464,19.751971742635128,0
50,21058,12185,13.690214583765426,1
26,106213,28045,16.77801538077253,1
23,96260,20167,21.735929579859558,0
33,48404,37412,21.18122851718574,0
46,49856,22625,22.395252079024154,1
20,29200,28076,6.662537844220851,0
37,84178,20029,18.994985784275023,0
53,53997,23973,8.229753846074376,0
36,45611,32433,13.608462076359015,0
43,61235,2932,16.197474093566427,0
20,55057,2757,13.3534199525632,0
36,21239,31722,15.632427678158646,0
37,85661,38853,24.932263021573075,1
49,65272,39405,8.136737617400668,0
24,109393,2116,18.671392884060296,1
69,81212,12691,13.222018844519496,0
58,35398,1492,8.093691078692911,0
50,76503,28882,8.595366885799036,0
57,26638,9811,24.01082557178953,1
56,26570,28808,22.65222918587936,1
35,88785,25272,23.187318228092927,0
57,29110,29399,24.83488912863404,1
18,99141,7474,9.5621501051661,0
28,32115,27956,12.431067078599204,1
45,59062,14979,18.5497710835349,0
42,42911,29328,14.93414952728262,1
67,52556,13867,13.658595900877504,0
40,98131,26851,12.477319362044064,0
48,21969,32279,17.07872232289732,0
47,63753,31527,16.7240718584816,0
59,102811,8866,8.64842776425268,0
52,24470,16449,14.698926831609562,0
24,30225,11685,16.292699636092074,0
33,43196,24544,16.620595305262114,0
43,33669,6451,9.59709026179086,0
65,57380,22642,19.97429214891959,0
69,68320,39870,5.991382349010858,1
66,67414,32030,12.419221183091672,0
19,35577,31873,20.714146646444853,0
18,108009,1619,16.495911960580344,0
65,75409,34650,10.592667433961775,0
29,48625,26372,19.05158582718943,0
22,101040,4642,16.564123411043433,0
54,44089,29001,21.02675038439955,0
49,56487,35064,19.832991130701558,1
26,85838,30290,17.397104479706577,0
58,116999,15122,15.019464668560873,0
52,114795,25820,8.097051450516707,0
36,70138,3895,10.595993848764984,0
65,62823,6366,13.672439721883162,1
33,57208,9711,17.18633609662458,0
20,74061,20596,15.517303176698444,0
37,50659,19793,11.119598256210825,0
41,51890,9199,5.626054976899356,0
50,99134,11717,15.176664827065872,0
41,67055,37191,11.069706776963741,1
69,39508,11211,19.824861863855432,1
28,62287,24360,5.966952172774428,1
66,98916,22542,16.904142320462924,1
25,46984,32312,23.858747631368274,0
53,28125,37435,8.90098070867424,0
55,56059,29247,14.69716506963661,1
57,89569,23357,7.282728840434194,1
37,37087,28691,17.70079728909638,1
52,25704,13424,16.2353677716264,0
65,80576,19852,13.44362772215023,0
42,93384,23601,15.666851918737954,1
52,107128,19020,22.9832058401457,0
42,92460,9155,9.327738895065806,1
46,47208,4583,5.940007978254271,0
35,105150,16515,22.30246525163247,0
63,86024,37777,16.75378310656418,0
35,59882,20710,22.867839881505926,1
19,45923,25532,17.140431856556866,0
52,49165,19601,21.2981412542142,0
33,87203,5967,13.878630585425384,1
58,111749,19753,20.122268660121243,0
53,24114,21022,23.30430860435219,1
50,84965,10135,16.65639779258302,0
21,56321,6722,9.0253104359664,1
50,93297,28413,10.741553493088865,0
31,116652,28236,9.373569249499413,1
38,119304,16514,10.313712038116792,1
65,45426,38212,11.475101262345209,0
37,37772,21331,16.325108841687175,0
25,23712,19060,16.96583677454474,0
24,21367,2196,13.816745071216292,0
20,111736,13297,17.50070520650629,1
34,71924,3787,7.090711049421635,0
50,23726,24816,7.21187062263412,0
65,109152,20702,8.85067447697434,0
29,47723,26242,15.602511211786723,1
68,29108,3176,9.672896234617115,1
39,97714,21127,11.024045868105258,0
39,55643,28228,13.306100305373384,0
63,51324,21208,21.331389418202406,0
47,103360,29482,5.770311650300773,0
55,28927,10171,18.162886994614137,0
55,113680,36219,18.543092355293364,0
62,116546,34396,21.073787716954413,0
68,42443,4696,23.688682311676107,0
25,99973,21058,5.892688054511152,0
44,83449,21313,8.498782257507715,0
44,96743,20149,22.780340234091863,0
51,80233,5956,14.441111962646799,1
38,45537,11195,16.509517459202538,0
47,97576,18076,18.429030472601376,0
50,42612,2105,18.741798787664926,0
45,113977,16417,23.66893786467191,1
64,26471,25729,24.94051363952756,1
50,55631,31099,19.543070488153333,0
22,112059,33598,11.100813579500441,0
65,51348,30961,22.6551718447397,0
36,84732,13602,6.459807833544851,0
21,21177,10256,10.006076631052675,0
52,24760,21584,22.99902149054244,0
66,52779,35681,10.495734531567422,0
34,41636,26792,9.802695662624096,0
61,101889,22904,8.193443216234822,0
45,73551,35540,22.252679274114872,0
47,31556,27536,15.25113605422619,0
46,47598,20164,18.66041745955602,0
63,31563,13996,10.161794489463079,0
23,66819,3871,20.28178820971872,1
52,93770,23626,20.32010812676092,0
58,111055,11521,11.595661485711853,0
54,46966,2132,13.508311343700516,1
41,101709,34467,9.588960409888916,0
46,79889,15534,24.542939954796633,0
66,46987,24854,18.089250252639026,0
63,98714,8812,23.72360567395255,1
48,78348,5557,11.416018100768097,1
52,44596,3179,20.746872803439352,0
50,53174,10065,20.434243555752467,0
69,84106,9275,18.987285211397563,0
38,89967,36948,24.329960017702607,0
49,79182,21700,13.174329054073153,0
40,113300,28794,8.048987810000266,0
50,107163,29783,18.598322755259183,0
20,59310,17998,19.72154110930552,1
35,76088,14869,16.713681182446884,0
42,28906,29152,9.532948916101226,0
59,56914,21954,15.33689086255243,0
48,65379,32555,11.587699863098024,1
20,98612,17654,13.835597299250436,0
57,57650,36236,18.081762228970945,0
63,66881,16042,20.031687482471273,0
41,66413,26966,10.028381472576191,0
67,26012,15270,13.40384453261559,1
49,70115,31908,10.74865063433677,0
64,27151,16523,9.373316470306449,0
39,77716,20991,20.77605078991885,0
40,113747,11775,23.23042754152135,0
19,112653,13265,12.719527620849245,1
44,56378,20459,20.149939025288454,0
59,62652,17673,22.991408142606016,0
19,92430,28056,21.999422105339516,0
43,33467,7614,9.064861076514905,0
34,51010,37020,24.147691689510545,1
57,74691,8415,12.845190588374518,0
50,84157,24155,12.115192892889809,1
26,32289,17964,6.717410881916717,1
60,64976,38726,14.980386255045218,0
65,63596,38044,7.62576550499811,0
56,43171,38544,10.346526508084807,0
46,106365,33252,11.680381124461988,0
59,119590,4832,21.27211330808784,0
43,64139,26275,22.57202868271998,0
52,68713,15901,11.39809319049866,0
67,49734,39213,22.244613364269192,0
42,92588,35148,22.216003278710925,0
41,83646,23918,20.410693532505036,0
30,23654,20540,8.36055472329604,0
24,109022,12580,18.961295514564213,0
53,38743,39402,23.92796925932109,1
62,68368,39578,18.809539335959563,0
37,110025,25917,11.966528557602762,1
18,94172,23318,15.26129668990121,0
25,26441,11179,18.091638345345544,0
63,44611,13251,15.45612297020582,0
33,32149,20493,7.839082363753912,0
31,79189,21466,11.585248870714402,0
29,41675,31206,21.146722595795836,0
68,91031,20624,22.29765189886259,0
40,62668,27564,8.17735063795362,0
32,33673,23412,24.07154167177513,0
45,96666,28990,11.912041048047882,1
51,108204,36517,18.41511790524904,0
19,100758,14156,20.16059034615528,0
49,85429,24064,21.332951575438727,0
40,43669,26711,23.942119193405638,1
39,54068,31106,11.601931186562041,1
68,108789,17589,22.240875863755313,0
42,29435,24736,8.067894617006036,1
39,114088,21975,19.24829767389506,0
39,72249,37218,19.968565725522723,0
66,57384,8214,18.71560320342575,1
69,101929,31581,10.420137354635482,1
59,96153,21195,22.524341366796467,0
23,95388,28127,8.792740035722703,1
32,51401,6141,6.545878434656201,0
60,91831,29884,19.490567316932285,1
54,54084,25885,14.771776447038308,0
50,75826,3708,22.057411389194183,0
25,56451,19375,12.97624425063605,0
61,27227,16088,8.7814324759004,0
61,51910,11014,21.81062275316246,0
22,56041,4273,16.2037378169814,0
56,108920,38306,9.18931795161192,0
21,85681,31881,19.54748797243569,0
23,101571,32486,15.466715950545261,0
62,85481,13541,17.28410315368624,0
49,88576,9712,14.487517595028347,0
69,84174,10168,21.659825184451126,0
47,46160,4551,21.67647295581947,1
64,37633,13297,19.333082025575532,1
52,114880,28128,7.555326859231014,0
57,37014,3832,21.857650307129344,0
69,100532,29483,18.584753120391742,0
33,69104,23063,19.09197123708384,0
30,61621,23963,12.578165387875497,0
67,97231,14422,22.64595134506163,1
59,88388,33920,19.644746204579718,0
47,36014,12156,7.6955140973192915,0
36,112578,12108,13.451671670920172,0
34,53755,32845,22.784417058222765,1
36,60390,3800,6.420335683098891,0
45,43711,39078,24.247624083019964,0
43,111658,3610,18.743670082231475,0
54,77993,13067,17.811831564045846,0
43,94696,34872,10.775905501515833,0
40,47213,11728,10.351439880413952,0
26,77784,30566,23.87013528002761,1
29,27421,30783,11.316312857565393,0
18,106936,21583,20.622353286020488,0
18,119073,21238,13.165875065038044,0
64,37727,8263,8.215454380301727,0
51,24358,2914,5.7089483050595,0
49,85108,24749,16.11301807179739,0
65,114018,20456,24.527686961704187,0
42,52117,26582,12.698155779279487,1
57,108700,1406,12.465250512864374,0
62,51910,14689,12.20978654806412,0
18,118032,33934,15.65060482744474,1
33,75754,34276,14.092965226773725,0
56,82438,37432,22.65833522117678,0
22,49371,20873,15.357655438608061,0
39,71501,14050,15.401277844677091,0
46,80946,1680,8.198246097050854,1
20,58467,19908,24.663421047752525,0
29,37625,19504,10.374471371942178,0
43,53893,22644,6.930599315462252,0
33,96329,38125,18.431351855016572,0
68,51007,2363,17.109644218059017,0
54,111302,36060,13.595340252858541,0
39,59532,2538,13.732748560673222,1
46,74253,37176,20.80874646040541,1
31,32323,26675,9.316396481943157,0
45,93379,19287,21.49493971942535,0
22,34210,1174,18.150568720952855,1
64,36456,27732,13.669910588700725,0
66,51367,35998,14.431558023385438,0
47,74624,38055,10.504620540128869,0
63,30106,13112,20.16622948759101,1
69,88008,10689,15.501057474952722,1
22,92240,20555,11.75666358362195,0
29,84315,34919,17.12297725733853,0
33,89249,8619,24.916821815000798,0
43,90587,7033,13.9876144533028,0
43,30756,5946,23.45348231518308,0
65,88011,25618,12.22782837852904,1
38,56378,35675,6.567287785037225,0
56,24255,37258,9.482721074184363,1
53,34484,19919,13.664555294889842,0
50,76549,5173,9.782881107594097,0
47,54503,27400,5.504427245255983,0
54,93794,5769,23.34252998607678,0
40,65113,38564,21.955648519003116,0
27,94069,15211,19.97469851399547,1
22,118117,24255,8.772384615097558,1
53,25249,28962,7.847089736094729,0
51,39201,20356,6.8182926147114715,0
69,78576,21306,19.618569181071962,1
48,29686,5997,23.611755233413763,0
27,73363,18376,13.895448507804222,0
36,117543,39055,7.823243103922939,0
49,20661,11578,15.491660004276078,1
18,64843,19624,12.302222195443289,0
22,115673,1389,12.809086024824955,0
62,80963,34767,17.61594717103629,1
21,62828,2855,19.515003208612946,0
33,68604,14794,7.656770178026637,0
41,30526,36531,6.194009500726289,0
33,88910,5986,24.88944090237144,1
19,45592,33298,10.03820280385326,0
66,48982,2481,6.549695235714952,1
45,20207,4731,9.202568917370439,0
49,108733,17835,6.259678003795052,0
44,118936,28798,13.140312445034848,1
37,88619,27113,21.146834796800825,0
41,49328,20477,12.154266770275552,0
29,66479,18266,14.161576434128147,0
67,40103,21792,18.673942084565056,0
52,59891,21452,15.423434366362663,0
50,30754,12889,22.298190877415824,0
50,119983,25335,22.38769566339225,0
68,101437,12254,5.693258562077496,1
60,118540,22074,20.671902976422384,0
54,92982,12442,14.48430520471264,1
29,75922,38327,24.78239055542143,0
20,68231,17199,14.923025479570985,0
18,49301,8291,24.744470935071803,0
50,111652,1112,20.214102543511864,0
57,82711,22515,10.347795249959473,0
27,61323,20581,15.998702096095675,1
60,38752,27500,24.846644969832365,1
61,117912,33026,22.22184685116251,1
46,102205,17523,7.398654428928811,0
30,118452,2424,19.274253937794924,1
29,33395,20552,12.238801924480855,0
48,105957,11808,5.636154106666789,0
63,76273,39811,13.367878896026493,1
19,111878,7989,10.077711223636939,0
68,24895,24620,21.467950775149195,0
67,96559,1887,12.077946872492427,0
52,30699,32802,21.63671203209943,0
40,85061,20488,5.511659807278509,0
34,29715,31013,11.502473425509322,0
43,39169,17402,10.202721679001357,1
25,36163,22205,10.054563540837915,0
46,25782,27049,6.829639085426523,0
43,108177,13253,9.148923273004783,0
27,104328,19990,16.33321661276959,0
43,55585,8846,11.181540920336017,0
51,50682,26027,13.639198255418385,0
68,67864,4765,12.848904166770176,1
58,104416,16950,22.580146037497943,1
24,75114,10741,23.15333048070505,1
21,58067,23742,15.112660947289271,1
67,62685,25703,11.938041031154286,0
62,38073,39709,7.582613728046091,1
28,56035,38623,24.09135614795085,0
46,84977,23931,6.6744254255558,0
53,110373,24580,11.304180412581468,0
42,103362,16166,11.31229092281508,0
38,110517,30240,11.747825079734191,0
53,85450,26991,8.70359344381198,1
27,30382,39556,20.771647903012095,0
54,24437,33969,7.88870830833679,0
26,90971,11561,17.880679853486676,0
41,84612,17901,7.914997520763441,0
52,110355,31020,6.875444933062653,0
66,81929,26917,23.233875321874592,0
52,117518,2988,9.20751094321476,0
65,118864,15256,21.514378013914232,0
53,32329,23192,16.120301986589148,1
35,45169,29230,7.018202132371007,0
66,107468,23625,24.131239733042317,0
56,54594,33088,10.315742756341905,0
49,96957,15114,22.263084234375828,0
41,80631,39401,8.791795112799,1
40,65033,6755,22.151886201766132,0
49,83133,11825,5.757961851653233,0
54,93165,23693,15.479718903104873,1
29,93861,5117,20.504130298720355,0
66,72290,25729,23.728512591109276,0
30,114031,33182,23.2294416560265,0
40,51750,29890,21.482684956179078,1
42,115155,30340,22.81973131839543,1
52,60461,2518,9.384783873822991,0
58,93800,31949,11.04159376637871,0
47,98222,23547,11.134886235960641,0
34,44226,17346,12.852551654533126,1
66,26721,3600,13.16975307251118,1
37,76154,30267,16.118828830766173,0
65,40609,37322,8.617655385645607,1
42,72130,27990,18.97930994382679,0
39,92909,17193,8.767547516437876,0
30,75249,31109,11.551015401038676,0
36,68895,20233,15.315230046820004,0
66,114473,17194,21.030590949707808,1
53,25656,35510,19.919650048155184,0
29,94520,2306,18.087919950005183,0
58,83740,4849,8.53757858131332,1
36,84309,13360,16.167384239503765,1
29,49984,30231,7.205206785097766,0
26,93822,37963,12.85858194753469,0
24,25901,19689,13.563572340654204,0
45,51552,30084,6.2763230691922,0
31,111245,10280,10.842767939664451,1
48,51055,3642,24.135164611696542,1
69,57685,15296,24.095835852678945,0
36,93965,16438,12.370377557924517,0
64,34716,38525,6.3404521244923195,0
33,31138,3994,8.99235131689954,1
22,55298,35039,13.148246971954032,0
52,71112,2813,23.98170411039998,0
29,43429,28491,8.253381738975106,0
42,70200,19845,20.388558951530136,0
69,91308,38164,7.619309517806496,0
38,68244,14318,24.634522759129897,0
53,37347,18200,12.941521732628132,1
40,36920,1082,20.617073508531593,1
33,51822,2920,12.18052611481707,1
56,66659,12683,17.73954310459677,0
62,60108,12336,9.244313652430716,0
59,109099,16596,8.347409876290769,0
56,27967,3093,23.79225072157856,0
31,31871,13905,23.394121919136452,1
48,114299,25351,22.805644334151207,0
22,97452,31981,17.695952278248573,0
52,94270,9367,21.261230118717425,1
40,53613,6285,6.846220269771811,1
46,48179,38705,12.028386316868243,0
60,72188,17753,11.617210932764547,0
28,75099,19485,17.895083778075957,0
35,55262,13977,12.441176582677489,0
64,98213,20874,8.395882242051776,0
29,38268,8674,17.131107970564102,0
26,97866,30038,21.38048645304709,1
27,106269,30315,12.951408141969477,0
61,80545,4676,8.079239944420394,0
34,112822,3426,9.33541984760005,0
55,92146,25473,10.130924450802988,0
24,91966,3962,11.348003063393456,1
63,59922,30943,18.034503874873028,0
30,99364,1859,17.218436948485518,0
57,62913,5138,19.073557300557262,0
59,117033,36192,12.568788698364507,1
26,75677,26640,21.567954211659575,0
67,69841,11409,9.479709392537325,1
44,66332,5017,14.646294576604001,0
19,112062,11451,21.118305070057893,0
22,115694,29327,9.013093630786075,0
46,45032,11278,7.642330717945267,1
54,57846,25944,22.7318373699158,1
55,79474,2134,12.187128423804321,0
36,64936,31131,18.835467435726123,0
25,49794,38887,5.9942977831468,0
65,81588,39462,18.955914323984267,0
62,90984,23520,11.663975575165924,0
18,70331,22869,6.586946644955114,1
39,114397,37932,17.39134885018828,1
69,48141,6039,10.195674413426879,0
34,29074,22281,13.04274122001166,0
24,26406,11442,7.071325839587015,1
42,117359,9252,8.369683396351434,1
62,43291,28586,11.310556092168953,0
21,61568,18568,7.250310260923064,0
53,117539,21810,23.261112161383146,0
23,66851,2551,5.617917342087579,0
48,119942,13625,14.935274267854073,0
36,74823,35397,7.903325433584753,0
61,43312,27249,11.499742244819997,0
56,63108,2361,23.558161416456176,0
44,86918,27149,8.653043788842744,0
27,54171,5370,24.333730234507485,0
43,61779,6283,9.512990351293723,1
36,88828,8610,19.960539115103177,1
56,118723,15924,16.16020666549758,0
20,32411,11626,22.747335188136805,0
62,77009,35761,16.302868482311055,1
30,35422,1869,15.923904773548019,0
67,62468,32552,9.311431007183797,0
45,52371,2014,8.741472560007345,0
37,77022,11103,23.371538446752528,0
45,91229,17986,11.892844877575664,0
25,119071,31471,12.75560397177647,1
58,71196,34458,20.316561339353573,0
56,100354,26069,12.107057907244744,0
18,116774,17873,24.065217709460555,1
20,116410,24248,19.88959149547661,0
30,46715,24624,17.14987023018169,0
45,47605,30061,22.677455630622674,0
66,119853,25170,6.467315212814913,0
42,51174,9024,10.51272249768957,0
50,29956,17678,14.568208517307744,0
55,96373,39256,9.926081519694659,0
23,89252,21411,20.006151152391965,0
61,81949,20296,23.42455660554764,0
62,82646,27293,13.763517338653006,0
49,90017,28172,12.17158570218195,0
62,83037,22128,24.250239276682542,0
64,109818,19257,14.174622440137046,0
38,26548,13855,15.036443808761023,1
33,93294,20642,12.357172510667155,0
38,43177,36585,23.236195223736697,0
28,44022,21025,16.59463192399609,1
54,25542,5458,20.36240445004207,0
53,111012,6307,21.330231007842286,0
52,116320,19425,12.166056317386534,1
36,80428,29273,13.95703946074741,1
37,42740,39506,22.04519960092216,0
35,79353,6668,12.5834793576783,0
64,110353,26934,20.9817351023111,0
58,76532,8697,23.849350290201524,1
66,36052,25417,17.652602274826137,0
31,67076,17446,19.96173210531183,0
32,73420,11751,21.199397584802128,1
48,20671,8352,21.97827315348453,0
18,20163,14516,13.203540088207522,1
20,61424,24299,6.499637453931964,0
33,73744,32957,13.33658728911642,0
40,90331,29927,18.63824648078975,0
28,30634,37412,14.281832522725459,1
29,24798,30493,20.104781441777774,0
27,42420,27711,12.461157374638946,0
49,49300,9003,17.877510751528575,0
33,109881,32707,9.135186194652505,0
25,30749,4278,20.11270401457666,1
55,45121,8296,16.141071391854005,0
29,57487,26398,9.479255576658712,0
41,113947,36842,11.192267883207242,1
45,53361,14261,20.09786981734573,0
25,41223,12173,14.910724095399653,0
45,92930,31449,9.71261308766491,0
53,34056,2637,24.361788212220805,1
43,48380,32781,19.444937886429315,0
25,46035,14652,24.164129234526026,0
67,50620,6103,13.828548384526693,0
45,39877,26500,14.764456643488549,0
45,75316,35800,23.010126715607875,0
54,84041,36529,15.738462134785001,0
58,73352,19452,19.291938782160507,0
53,50911,32174,10.417371111162835,0
44,52784,36436,14.21116613970149,0
34,23191,16954,7.907272383301924,0
26,53160,18186,9.516610699600752,1
50,110536,13356,5.518396597718806,1
37,84641,33963,6.265668507148875,0
30,69723,3187,24.55703455195012,0
45,23631,12707,10.225897055166865,0
65,26172,36098,18.43455883532804,1
46,62080,27935,21.862444126592425,1
30,109097,22225,16.237878955113004,1
63,110353,4606,8.486317751637145,0
52,40281,33828,19.698270528055247,0
23,48671,27489,17.20490249694187,0
35,71431,15387,19.759386492273812,0
68,110900,4927,20.5100591457132,0
22,112961,7296,24.52050216985253,1
64,48602,31444,16.684483960520843,0
42,108789,3591,12.162001697466735,0
19,71399,27147,18.145058859554624,0
27,43472,39889,6.83459383023121,1
47,69230,2200,22.999247707270932,0
67,93616,16721,7.827929721094837,0
62,27099,20238,11.892935338773455,1
22,45431,12087,21.407034922209355,0
50,76492,31816,17.147591377448883,0
18,116722,24408,13.175892645410121,0
35,67684,1136,14.731995357812918,0
49,50111,18413,22.163674167442515,1
64,83936,19978,12.130085528167896,1
66,42614,1661,22.45816885383734,0
28,112260,36240,7.218621404045484,0
38,61991,28253,20.6475695255683,0
43,90476,27884,22.02717884456736,0
42,80920,33854,9.045444230328105,0
39,114294,11704,13.891757381257909,0
44,83530,39987,8.727245605941285,0
66,56224,25527,19.278780515387247,1
30,27788,17322,15.939281477202307,0
50,48082,7968,17.888805260812262,0
51,109570,28518,9.331495855646118,0
58,96816,28886,9.62904431002218,1
52,103588,2700,6.3091978474431745,0
18,36531,29246,11.78031693631673,0
38,108340,36468,16.41502089600666,0
65,114439,24199,22.22973082294791,0
23,64857,33115,18.505085225444276,0
45,30142,6520,13.990228306295153,1
34,68355,37455,24.08584223068569,1
22,29866,21929,19.525281411228722,1
48,90067,15955,23.638221455819725,0
22,84027,14917,15.78796547880723,0
55,77906,5757,10.548633358466223,0
20,48138,14045,6.530120384112079,1
40,112601,5733,19.658654603935084,0
54,49956,31954,7.865408461107915,0
54,96295,32135,11.40411500130336,0
27,25439,8081,15.883182703735999,0
27,67241,24501,16.50612346170508,0
36,62533,22113,17.211372341249152,0
34,48270,35441,8.741978941819163,0
38,98815,25690,12.90487939402215,1
31,59279,30345,17.53528742878085,0
26,43888,27829,24.4114678603588,0
63,37630,36062,19.68880718514393,0
18,81063,4630,23.490773263332176,0
68,55144,32870,20.363135137126452,1
62,72161,4453,17.03848089340181,0
30,116718,38275,9.244455698158719,0
21,111074,39396,18.500370211904006,0
18,97360,9328,17.655901536218188,1
66,70979,16534,17.248148823916694,0
57,117661,20744,15.050824425770696,0
49,26979,20389,15.808803777790875,0
51,46189,37320,12.02162927880303,0
45,62600,36010,15.626597506524911,0
48,79560,15665,9.352340160730325,1
25,98040,38865,21.200900748527346,0
56,81558,9640,9.122650616624803,1
43,106205,35716,7.156842652844595,0
51,26910,26521,14.00679751396457,0
20,77713,31049,18.336995070368204,0
67,66857,6618,14.035478086204057,1
29,54964,38004,10.896705573050518,0
18,105667,2920,16.384338085863597,1
61,45227,5188,12.266545540537898,1
22,25978,13207,23.690919957469344,1
47,107527,1238,23.491580222269654,0
47,37153,33972,15.296250489455861,0
34,79765,11799,11.893737883356042,1
65,119084,6552,19.87408207215446,0
64,59071,29916,6.215902397919799,0
40,89519,5927,14.757995617851199,0
32,29503,28964,12.058306188271505,0
54,80703,12164,23.450449759499815,0
38,84379,38158,5.73405903181731,0
31,115457,20071,16.279890076507808,0
19,77866,7160,19.942939830799205,0
28,36905,16810,14.957850756718804,0
68,65838,6126,7.165359088173073,0
56,78279,31009,24.462997105544094,0
55,109489,34584,15.60120341183391,0
51,46806,26396,17.47663176422072,0
55,65000,1192,10.113890762796393,0
67,42168,37413,14.928212659582675,0
51,90119,13816,13.868415093187277,0
35,58714,33130,6.960468919038683,0
47,74093,37468,7.570126894175611,1
32,75419,31698,21.830714132566104,0
44,69145,11655,10.17648906802851,0
68,97425,31075,9.301686294223295,0
51,112949,10359,15.345773299377715,0
69,97811,37661,20.490569061569005,0
55,22461,34272,6.707957112290265,0
50,34291,15671,16.74775443294599,0
41,66804,28048,7.82460363539118,0
32,96971,11738,6.21099049109956,0
47,113471,26963,6.528507067163239,1
59,84946,7773,21.766200110064606,0
68,118989,37584,7.8004634307472,0
34,104080,30894,6.380451606039693,0
22,81332,1717,14.03904779928679,0
46,97794,12676,21.957872702869484,1
21,50841,5434,10.616963341541387,0
27,68758,38825,13.72339604175537,0
34,96272,30100,6.278489384993149,1
27,57643,5994,14.257031025630079,0
34,70408,5234,16.763455072424108,0
37,63950,4764,16.63268754816682,1
41,76849,38405,11.98232049740012,0
22,48044,35872,11.652897022931143,0
51,35997,24185,7.579160569263658,0
23,99751,12999,12.652567252602234,0
19,118605,37487,7.440146043022811,0
30,43911,3581,20.448620921885006,1
60,75533,3763,24.342348806089625,0
60,102566,28374,24.416451905000784,0
65,114870,39759,22.36888643782018,1
28,34571,11531,17.215446912122573,0
68,114463,26307,19.166881096255658,0
64,77941,31835,11.061513152268073,0
40,78005,12064,17.8000231933661,1
33,106250,12312,14.38516621407761,1
48,78712,38548,14.899338125650184,0
28,63541,37945,20.276642927315578,0
33,43387,7476,10.997407934146407,0
25,113980,25565,11.701772428043139,1
21,68908,3382,23.530514927008415,0
57,105457,23463,6.596373749593958,0
21,33057,34402,14.969868819060137,1
42,84028,27345,23.299615607953303,0
20,75731,27946,17.402078652454062,0
49,44858,15162,16.154937947136574,0
20,68689,9397,10.370011494972427,0
44,64638,23335,12.19387203675674,0
46,111598,15394,22.114944108191512,1
49,66486,28197,16.40475356948493,0
67,40567,23010,15.537472778257207,0
68,49739,25123,7.441804414030564,0
36,77804,23387,5.8125490508749005,0
38,23754,3890,24.291861179397458,0
22,47044,28769,12.851230262093413,0
35,87260,9026,17.262654710940332,1
45,86912,4306,7.054443927152057,0
59,28706,34665,18.82072857159941,0
39,28894,10277,23.68505081976624,0
38,38037,15683,16.72547243344968,1
23,103986,1670,7.959248786320506,0
18,101942,24675,16.843569785732797,1
22,71612,18889,20.44377065554072,0
58,49725,14006,13.425122463193365,1
29,25926,27531,22.65683608485862,0
43,29496,22639,18.149317590468605,1
63,76447,17633,23.03535390663945,0
51,49806,35660,17.658353569323076,0
66,108199,4439,8.060115454094072,0
31,61321,33172,11.538988366551187,1
43,85095,36622,9.435001490922911,0
62,42656,12577,23.222116705478815,1
44,75147,12763,20.327801312105912,1
26,111396,21176,18.689768193745117,0
43,69666,25255,11.368843232816623,1
64,102368,20996,9.088873054979164,0
39,58787,36386,20.25079621578378,0
64,82946,22062,14.746079944642053,0
47,41727,36931,9.902896266937269,0
60,115081,36710,17.524128574222864,0
65,88056,35693,6.286510116699813,0
34,23081,36740,11.860319955500945,0
43,54196,12705,14.636861394527125,0
53,56735,29047,8.385187515133413,0
18,100102,11966,24.70076231302137,0
25,99578,18374,9.577398609497479,1
66,45498,12138,8.041886035843678,0
52,96865,16935,9.46893004079448,0
69,51656,1489,20.496692096614623,0
32,87695,23260,13.797360355800935,0
64,57900,27069,16.52561082517449,1
39,104899,20275,5.909678561234035,0
31,67701,37284,6.171410517179634,0
43,39033,33821,14.193598221626814,0
45,30805,17999,21.42477724243166,0
40,55851,39712,22.762158134797524,1
31,46832,34722,7.190778068114984,1
41,83437,11625,15.998080490969944,0
19,33944,2629,23.307978882445774,0
62,39873,11973,13.065468710758784,0
43,60372,7859,21.67653371285319,0
31,109464,37046,8.107065260789007,1
68,35379,22839,23.740192548522074,1
24,56751,28216,20.1527546918604,0
20,109822,19945,23.856020659344583,1
64,25110,7539,18.694036054273877,0
40,74341,34625,12.586376673988827,0
63,32087,5886,23.79453286423209,0
60,43762,8485,10.87355213802898,0
64,102617,32455,11.977364180203784,0
62,29596,17767,19.165764151033937,0
35,38313,29453,20.423667840745033,0
55,86549,11744,23.6233679350585,0
52,43705,38102,9.493646976596086,1
68,87364,13226,21.060961686774867,0
32,93445,28869,19.901648041240787,0
42,98645,23588,6.743993846945158,1
54,22023,14440,13.050851253599035,1
45,79796,32709,11.013926412671923,1
27,100073,23495,11.437563274903592,0
56,112197,38019,24.667464151316665,0
34,84429,1922,18.034159562858594,0
56,81627,28526,19.49468507697324,0
39,53848,8957,24.54404392764268,1
43,57804,34998,12.855434757923955,0
61,35379,25031,21.135883284829717,0
42,79664,11006,13.97335378443766,0
34,47766,38701,22.455906600392105,0
30,88099,26939,9.022822055570412,1
37,56060,21324,23.979880452753452,0
42,114733,23867,9.766048314012153,0
21,89122,1203,11.861299886128165,0
27,36087,17544,20.24574856508222,0
20,68868,16899,13.17822526052543,0
58,43225,30063,17.36012184694571,0
62,115286,26344,14.169183270853855,0
35,26643,4748,19.976213773250745,0
64,113059,2093,9.95245942118791,1
53,56727,16228,6.639930751119102,1
64,31005,21884,11.348623250724792,1
39,85697,26183,14.74901896493439,0
51,36029,17034,8.776391017757232,0
64,34226,6710,12.418547148299579,0
25,83646,20259,13.299668856724587,1
57,80603,36959,6.6191409519213344,1
66,48731,34457,16.87449133959199,1
61,88926,21143,22.744696845440107,0
36,25997,3103,8.458986802584523,1
59,75506,1365,17.157256261329522,0
58,98229,17103,18.4624144957615,0
54,69815,33510,13.677026268176123,0
23,62092,25476,19.171402953603263,0
69,82539,13742,13.509265098074735,0
43,86077,13391,15.340427115559981,0
51,41817,37940,5.643384368811326,0
62,57861,29901,18.988542225626432,0
23,33428,33001,18.396182239422124,1
54,63934,16623,6.248817107863719,0
50,30258,3378,12.680877094205094,0
39,77775,22372,24.591120895437513,1
38,101580,39437,13.704362970088027,1
23,114947,36503,15.287935400070914,0
23,25469,31746,23.24363808411451,0
65,48854,28923,19.48660657938225,0
21,26256,10867,16.850367556922357,0
47,96256,34724,21.057191286150914,0
28,53937,10306,22.355142195891478,1
47,119134,15908,14.409317398876704,0
48,21651,28081,14.764613116170791,1
41,70288,38228,13.027993245210798,1
26,104730,24386,24.350769730359982,1
20,45051,29302,19.094741958661835,0
68,47386,20212,7.12284979105741,1
48,95054,36618,22.32771265460386,0
57,36184,11698,14.870918846307227,0
54,53787,5594,6.840701175238506,0
53,41621,26525,16.219486475684565,0
41,95564,15282,13.63470344002619,0
48,97984,15334,22.616113394821184,0
23,79792,30179,9.477894770383054,0
19,65253,7644,21.616059885097567,0
37,54051,36618,16.37492947811633,0
45,69811,33933,6.5649009126626465,0
28,50447,34687,24.45098337584695,1
21,103930,18375,15.495997260012398,0
32,50254,31926,11.172098657515859,0
23,104045,37607,14.653433418790533,0
66,77418,18642,22.228226778591036,0
47,34472,24993,11.445610925508738,0
55,23471,22188,9.257189731490657,0
68,115804,33596,8.016889315152188,1
19,28329,28772,11.30825826860912,0
32,54865,31857,20.710937697280848,0
28,66850,11776,14.696714121307602,0
25,74220,33835,9.93589127202403,1
43,113808,10788,8.74060749239011,0
68,26397,6660,11.988224791952392,0
62,117909,5478,23.82852527127132,1
61,55525,9210,12.189020895505475,0
22,73072,11922,24.76841948111539,0
23,110106,37289,14.961993887424445,0
43,103820,34340,8.993696406657943,0
21,104530,39163,22.877231789973433,0
36,43284,19642,14.476929776129124,0
37,81330,12094,19.33859119833823,0
50,103369,23423,24.682375872578458,0
37,45122,34418,6.478419331239493,0
66,90553,6741,7.385543915857559,1
29,101906,7838,19.548906458523746,1
64,114788,4262,10.995587564261704,0
18,82812,5996,9.093877240526933,0
43,27999,23164,6.267556656484725,0
31,42436,36595,5.926010883730935,0
55,62963,31257,20.60246926083592,0
54,22096,15211,8.121451833706224,1
28,45279,31453,14.620552011437443,0
53,46201,6232,17.31498789599992,0
30,39715,3217,13.852860111092502,0
60,49309,25229,6.028579720556546,0
20,35078,15232,20.77827930046422,0
50,76614,26613,5.705007878562243,0
23,25105,15026,20.356852940360938,0
67,114848,29554,22.919437628868394,1
27,22839,31908,13.940378460614859,0
22,88920,20610,15.943078225407065,1
40,63619,8031,14.801176156044248,1
27,62821,26515,13.089568063157056,0
61,33493,37484,22.804778439722025,1
19,37069,37182,22.931703458064813,0
30,27531,1570,12.048419110509922,1
57,57051,33254,17.49386020328661,0
19,27736,20288,23.57469746184435,0
37,27710,14288,24.260140729356355,0
18,87155,30877,15.424701288229928,0
54,33975,19889,14.330083703044373,1
26,82424,1917,10.934539160606253,0
34,65603,11066,24.198001527212995,0
26,43252,30504,8.284878937220913,0
28,100797,7982,16.80667673293064,1
32,21431,19062,11.009730216613459,0
41,94603,17999,10.940661661782034,0
55,57481,10941,13.396887453835674,0
52,112573,24470,24.976462248405262,0
47,29557,22133,6.571842983376531,0
48,94971,5529,16.781565454968863,0
66,20162,18519,7.110157081687905,0
22,54742,13192,8.51315618481512,0
61,39675,9566,14.071477364571525,0
67,93997,8226,15.453972561255606,0
31,37015,38930,10.546451963108218,0
28,70057,22259,11.670914052051115,1
26,52591,35087,7.195856894990695,1
51,113583,2141,11.412785784962885,0
29,29833,5627,24.34788956792061,0
52,27896,3690,23.921793942613395,0
52,52972,4255,12.030126657671207,0
18,69733,6213,16.63165175743585,0
57,61800,37876,23.237110126663413,0
39,116044,20404,5.620584541497485,0
46,25347,26380,21.30832962158304,1
25,79063,26520,23.99320627938392,0
28,115850,20173,7.280851819504363,0
58,22643,24989,8.64822987764196,0
54,60785,25519,24.23455290404143,0
31,38681,23439,15.982032800986753,0
47,70026,12413,5.776834372198612,0
52,35892,15995,10.523823975888819,0
38,67299,24559,14.273901648242763,0
54,37073,24513,19.01172376498297,1
22,50682,6021,19.79662737366759,0
36,117798,33464,24.910719502046394,0
31,116894,22119,11.106468387983302,0
43,34289,30299,15.995291986435268,0
21,27927,26517,15.899809183262297,0
42,68330,14117,13.41008255922113,1
62,86707,23250,8.798656929927194,1
59,97454,19950,24.56040298208493,1
42,85428,18359,22.139685139998427,0
35,70601,24596,15.217494051737626,1
57,97465,26530,17.26328574233858,0
25,22539,2262,9.931590544413414,0
56,42669,23615,16.103847872639065,0
57,90968,4327,19.05191759586878,1
31,40644,30768,15.545757053538482,0
49,38745,29850,24.810560826406356,0
68,48228,17848,17.42116229683066,0
55,54521,16160,12.733987395547295,0
50,117239,34998,20.556964538508844,0
40,46928,28230,8.82401897584202,1
32,38322,10076,12.998058367272197,0
50,77714,4805,12.265699532362923,0
42,107896,32085,13.920238354601656,0
34,82292,15715,20.744706605610162,0
50,49055,6750,14.941374127186446,0
64,62891,14232,20.983281780186275,0
19,101912,36903,16.741533611227386,0
31,26588,7953,12.17035397582233,0
57,110536,33093,21.29458550182771,0
57,26304,26500,10.146648575785285,0
68,27345,23418,9.875468106096012,0
56,49300,35314,15.337807019069297,0
68,44259,23449,10.586560296260734,1
23,111006,18478,5.677197181548718,0
23,108553,36179,18.14180178232663,0
20,35352,26338,15.466329518711762,0
24,53365,27899,14.187597382616643,0
68,39446,5145,24.35588603505715,1
25,22336,33101,16.63838408727682,0
59,82032,3775,22.336915766892997,0
69,95415,32647,8.219279606000622,0
32,117852,20539,16.599526031023842,0
64,118876,37738,22.425602721252606,1
46,27521,27616,16.87056226695801,0
50,91707,15119,19.50127647347653,0
69,43481,26159,12.754849572338044,0
47,38474,38099,7.302765582222799,0
56,66760,11295,14.429055754977893,1
44,75718,35710,13.192348121357721,0
53,64629,25685,22.407673556389472,0
46,65232,26479,10.257908395873208,0
55,106544,34629,24.351317436934607,0
50,87169,18033,24.183693336187673,0
54,70669,37902,10.328817039893055,0
44,98021,16408,12.28701313180775,0
50,89184,18420,22.96333694704076,0
21,67945,17351,24.349133307474098,0
39,33140,5131,14.14706250530286,1
19,103457,12349,11.759442389997506,0
27,34357,39225,15.758833258405069,0
22,88673,39847,18.911499524131827,0
27,85633,13453,10.832753049812105,0
50,96943,19814,19.86122690507192,0
55,116111,19263,6.5073184637355,1
30,98258,13158,6.461242608906121,0
48,32924,16735,13.03261025033813,0
64,89286,16830,12.392727245184052,0
53,113269,24926,11.65484769965947,0
62,94071,35779,15.074885372043745,0
41,77326,4373,11.754304855075638,0
69,110023,11335,9.249029410127793,0
32,50651,24741,11.534656207227718,0
46,90202,11692,24.51063331979958,0
25,68777,35057,13.516711631399549,0
22,36994,2447,14.171899148737548,0
46,87263,20583,16.742627304047232,0
64,79634,23765,24.67514498407742,0
21,30800,24906,10.211224890497379,0
29,57823,20567,18.78500115538246,0
62,83878,15139,19.46170152406362,0
19,38708,39230,17.342826127464786,0
44,32819,20520,7.22727762291456,0
48,94905,20702,18.69900937863774,0
68,83870,26566,6.749846865205422,0
68,29283,8657,17.12478166622299,0
53,50573,38688,19.92183295582398,1
53,98707,31134,9.613912867089034,0
43,50933,11345,21.911629147084096,0
60,25774,28413,6.091899207893583,0
44,92055,6208,21.954350841336968,0
22,30983,34455,14.47641648753392,0
37,116468,29018,9.742964828667068,0
28,116334,9080,8.108673827382376,0
27,38133,22902,24.089489767856264,0
57,34939,10486,6.916978957832556,0
55,20781,39862,9.382321688750551,0
23,76700,22158,12.282535774944396,0
25,47624,36871,17.59457955474185,0
40,26823,36208,16.123621162883918,0
64,38489,21519,7.950048102040123,0
43,59961,32379,11.149695682895185,0
63,49118,29378,10.15565953617747,0
60,101816,15031,9.664085662561657,0
29,42263,15536,13.517314561359747,0
43,33565,1446,19.22861332553731,1
30,40354,37683,9.740332178236102,1
57,62951,18618,12.650238154208138,0
35,111179,7587,13.122889823402664,0
42,43648,32480,24.540902323990498,0
50,70729,33994,24.115993959141843,0
64,61971,21527,21.10268286366548,0
57,38658,24569,10.212348955974111,0
60,41253,12151,6.826727624787559,1
29,84166,6558,11.679630685552183,0
61,68563,33954,10.7024937139597,0
53,46390,36303,15.365553102854681,0
65,108664,35700,20.665694246321966,1
21,71578,28500,22.23729730813773,0
22,99025,3032,21.974849665504916,0
54,52658,2252,12.513673443849822,0
25,26852,6509,18.901069697483315,1
59,114986,38842,11.60026685172229,0
66,22551,14900,6.687658093086063,1
45,91947,15523,19.180522679257376,0
48,81001,2881,5.691637275110863,0
26,69159,34037,13.479060455440527,0
68,71707,2630,11.922895751390477,0
46,53243,21789,19.02086200111762,0
31,41800,23523,20.441786718827387,1
57,95939,18958,11.429845401440033,0
58,77828,2695,21.326726781674644,0
39,27239,15821,11.231376829846209,0
28,26710,4262,14.203364019737943,0
40,41384,2445,19.67686127677561,0
18,41038,17436,19.011944469883375,0
63,60846,10949,24.7536852100879,0
54,107983,24963,9.890639972210671,0
38,87821,30932,18.415199314021855,1
43,57991,7901,17.388797211377657,0
63,99057,34487,23.344419862555583,1
53,26971,9597,8.549061762075063,0
40,49139,7855,20.160064189945192,0
18,105445,19678,16.581238017240985,0
68,97067,9263,10.855984460864155,0
57,100257,26805,14.751480825869894,1
32,104742,27143,12.008643642861056,0
38,57711,12874,16.79661135437499,0
64,26530,28529,22.835511910885984,1
26,31116,21866,16.601447196037938,0
26,85794,15079,17.81858715736839,0
27,20282,8243,15.615583018736833,0
69,99473,30872,6.497727375686781,1
43,21898,10018,10.040741859083838,0
58,24135,13100,15.094033723925614,0
52,26629,20800,11.549588033021742,0
69,105120,27910,9.044390156343287,1
42,109087,30437,15.330590417409548,0
43,85031,38588,11.79479097223308,0
28,53380,12001,10.533099041881588,0
55,37071,20942,14.547715640087425,1
19,40074,21862,8.099043032602376,1
24,110724,12669,23.591041794970444,1
35,87843,16916,22.420190909425163,0
44,59901,11878,19.29860142194044,0
51,31205,3985,7.571169637974896,0
44,75661,33369,20.629606462159014,1
34,25906,9112,21.25516789812587,0
60,22591,19931,20.471410045429586,0
61,82987,28340,7.7223347988252025,1
68,83370,1336,18.056205162821414,0
41,100685,20363,21.76933351711327,0
42,74400,4968,16.75839132378352,0
24,45150,34678,18.104943816947735,0
69,51852,17279,14.43808784881297,0
23,62870,4129,15.809792737739025,0
41,72756,39215,6.1703487378586415,0
50,76481,39897,17.95977892847905,0
66,21283,6850,7.088220651377604,0
46,53691,21588,13.982784589634356,0
60,21125,12949,11.206774404514452,0
39,87065,9519,16.135845029128404,0
43,46170,27375,8.10161854270254,0
45,28438,34082,18.987046338479704,0
67,40095,12737,21.00272497010517,0
38,36154,2134,8.685411769991552,1
66,28004,11938,7.534105203361702,0
24,29752,25486,8.337551914353504,1
34,75426,27096,22.603987457020782,0
37,46819,6592,15.799690604248946,0
58,112051,19108,14.6115894221463,0
66,44217,18270,7.580880472495908,0
37,108708,28649,18.166342131760757,0
39,52994,11997,22.425992041954252,0
45,35036,34489,21.649624451807334,1
57,97275,10104,17.708066825125627,0
66,117756,1870,6.967934974707636,0
24,69416,29684,7.691742029932253,1
18,29587,35524,6.461525248641581,0
49,115665,31957,10.52084472160315,1
30,20645,34885,8.145398609627366,0
47,50930,36596,10.570936784922461,1
40,101835,30866,13.008632086519754,0
68,50090,31676,23.888164289387145,0
36,107489,14878,17.402333165742995,0
49,72142,28559,21.781988820817766,0
47,46475,7771,19.35185426389048,0
46,38888,17526,7.693811045269319,0
66,63732,30896,19.850447924292002,0
62,101623,32923,10.864428190402926,0
46,66305,37203,17.962603016396773,1
47,66037,13852,12.148758486038275,0
33,29346,2848,24.954609133660853,0
57,20587,32027,10.639253850187167,0
36,32763,36464,10.943044180098259,0
35,79165,35485,23.648108983466766,0
18,89615,20456,5.980565890408292,1
31,56116,10259,19.085435263527337,1
68,105751,36554,19.64386461934962,0
64,111353,14409,21.809382259502787,1
67,110301,4791,24.501566557450268,0
19,115648,26864,24.524237423554723,0
45,45556,37639,6.772896772546046,0
66,79042,35574,21.525866793681597,0
67,38099,18888,18.103043706318935,0
47,65096,20692,18.12317162027528,0
55,91986,24501,8.00282356898655,0
68,33230,14304,18.17864974569024,0
21,49009,28527,24.658410321724332,0
18,90969,19074,23.280462106019215,1
25,53866,16549,14.063047885694585,0
46,104246,30963,6.278985479078839,0
56,96975,26920,12.564723055003995,0
20,61855,31826,21.614611076210828,0
49,101557,37071,19.17923247857074,0
27,26416,17061,14.45720128408215,0
27,92516,29810,6.574479935597206,0
36,75915,23800,13.824447192554402,0
63,38058,10940,14.645986324498729,0
51,96637,4924,23.60683289143565,0
50,60718,29054,18.00117901985211,0
40,52602,10783,11.577231874765653,0
45,94658,38253,15.743706156789067,1
49,98112,14233,6.788078502532121,0
67,78067,25484,24.46508059516987,1
24,47516,26068,12.521168087649158,0
46,107969,1191,14.818413420806149,1
25,21089,26074,12.42803749761999,0
18,57346,5917,18.808978737265903,0
20,94663,39599,18.413527087427063,1
41,30487,26832,19.448785055318147,0
40,20155,21706,10.728792977432455,0
25,87494,14682,11.655535382699288,0
64,96229,27762,7.942399006376055,0
54,58547,24383,18.282444450999193,1
20,48795,28796,6.276043983045224,0
68,75296,24666,17.15480554270745,0
50,41447,26662,22.45906975460686,0
45,56598,35642,22.871226891647854,0
64,61814,38531,14.256236327214253,0
25,110751,11234,14.456421920154938,0
51,95330,10221,7.000899068656339,0
52,118745,12410,18.579917996139194,0
49,107960,15519,21.514558697270488,1
41,83278,2051,10.270773564791904,0
31,75077,10765,13.71536719185061,0
49,91906,12382,21.857367066922773,0
63,29528,13580,22.603849119414615,0
60,113812,33323,10.242009615152405,0
33,70100,12939,16.236127373556602,1
21,28179,30964,9.253616437398627,0
69,68781,1307,7.486635900721352,1
54,75267,4359,23.26684977714317,0
38,102379,30648,21.499896332526127,0
31,43952,36944,20.32068058516189,0
48,73798,35019,6.450943216856238,0
65,118696,39134,21.95271145785002,0
35,70939,28323,14.041859480154983,1
24,49516,7226,12.176704904269263,0
27,76526,22689,16.15628903999484,1
24,30449,31971,7.281388233109339,1
50,70290,26954,20.25460771237178,0
40,106661,25423,16.857483999321772,0
38,92954,31391,9.138506889026766,0
36,42746,15330,9.170527895496388,1
65,87990,5891,9.092848705667148,0
36,78810,5992,6.611546557262713,0
53,103297,2961,16.962069762747852,0
46,35223,13497,21.88678946297591,0
35,92237,33551,5.841215172754078,0
19,22597,11848,6.4555905769398345,0
18,85677,14255,16.669020395395442,0
64,22659,5567,21.48016586502802,0
22,106516,21389,11.871408366088355,0
37,94567,17567,12.317480776750582,0
28,35037,4358,17.12875670118713,0
59,66738,23999,10.847151337920867,0
19,91678,11988,6.01886313851484,0
20,32109,32521,19.836956102981123,0
40,42010,6698,17.700173302358337,0
29,28787,2273,16.824741981585355,0
37,28472,28543,19.962840515340552,0
22,43383,32349,18.667001332459733,0
54,81709,12241,9.514698769477263,0
55,89785,10497,12.373380415395347,1
47,54518,33703,7.9591477627331875,1
26,73909,32954,8.03221176164868,1
51,38351,9002,18.685817053952515,0
61,89624,5247,22.242702086158715,0
52,73330,22698,24.273285385292212,0
69,35282,20738,17.752768792214166,0
39,104866,11703,9.08997580553866,0
61,41778,18570,7.560181736254149,0
41,44264,13392,21.350593944966775,1
34,79675,33299,16.785751289019984,0
27,25075,16641,17.556557909767537,0
47,95948,14998,20.738510730716833,0
63,68454,7305,19.21390594078281,0
40,48365,33726,21.771935930693886,0
49,92766,19782,6.59617115646763,1
34,68200,13721,20.076652416556843,0
67,31002,13427,22.09162876778086,1
68,33947,21566,11.07963332793713,0
34,99222,3230,17.98872184286843,1
31,114840,7511,11.626160244820955,0
26,98610,27177,24.180435796407853,0
57,72142,5765,6.151759662492323,0
19,76307,21354,16.805960454742625,0
62,24493,24929,8.746819167465544,1
42,70085,29820,19.388294000954595,0
56,54228,30523,8.92986052666391,0
26,99676,6552,10.089973607017972,1
39,71875,1627,15.140230815392282,0
60,51655,12989,23.33928152493912,0
63,63472,14780,9.628430256885432,0
21,69437,7589,8.312680411803019,0
43,69416,35812,20.300048221153595,1
46,79711,29128,15.262080880511654,0
62,26816,39652,23.27980969144454,0
51,97175,28790,8.358983864616924,0
40,84307,1249,18.095593913949266,1
54,66733,20309,10.041143349960393,0
28,115028,26901,8.556828358706966,1
23,31240,24576,18.826873595566774,0
35,118234,32508,17.076850088220297,0
38,112493,10175,20.219135438065457,1
59,118344,26464,11.534520240700555,0
53,91363,17260,14.235447299452703,0
58,52762,36440,13.40669768844316,0
55,28259,30546,24.689744547347026,0
51,70139,2987,11.198854656418064,0
34,34849,26105,11.248936147761954,1
54,101768,13948,12.413690072157845,1
42,109709,14026,16.50958458516127,0
55,74869,3773,10.420293513143033,0
29,83095,10878,23.34815383739584,0
40,90910,11377,10.680868514892138,0
59,106710,8347,22.968406765423797,0
39,43567,34776,7.517763741108401,1
38,55292,4783,18.30297269679322,0
44,94813,5298,23.186217609545754,1
48,117136,5668,8.790614048765477,0
23,71631,21671,24.38237572193547,0
44,29885,35820,14.331225528102477,0
57,79659,35484,23.941444614599977,0
51,74306,34078,18.697990850785917,0
29,86314,21922,11.380943962534255,1
62,85087,35028,9.171899235883576,0
24,49165,21316,11.422833401389438,1
27,78929,12460,7.313839480622162,0
62,87028,17968,8.30542534369493,1
34,115998,31266,7.540878586756382,0
43,69812,31209,13.747399102960376,1
38,70500,25000,21.013778337022934,0
45,99151,15011,8.256979307218634,0
63,78643,3866,8.04124844686055,1
19,64900,6898,18.04686451558795,0
60,62946,19395,9.345068148377292,0
18,27851,38707,7.403395743125336,0
68,36288,5006,8.753547275008764,1
53,92692,35393,23.512762219597136,0
68,87580,11956,21.518689429135723,0
43,27368,31663,12.404258965924335,0
46,105436,7078,18.28850496288416,0
38,116136,30631,15.976875636526742,1
28,66403,31140,18.703923137909996,0
57,111170,4961,18.81208747302381,0
28,29168,30277,17.76031329366986,1
53,106497,32417,10.688976686477517,0
66,69879,23484,6.2606252048749536,0
56,79871,19103,14.383552248807122,0
57,109388,30345,22.873990751468725,0
52,118646,2587,16.605196541112228,0
51,52174,22031,21.731625313187205,0
64,119751,27212,24.836674687743947,0
41,112491,11350,8.690515980696388,0
39,26581,19816,18.989663963268654,0
22,91853,21288,18.64872468715048,0
50,84046,30432,24.60913122348643,0
53,69678,7837,24.719214312079608,0
64,46649,35217,18.890232928620527,0
37,108668,21884,10.250488443652788,0
36,102325,6454,21.07183884354668,0
52,34567,10424,7.587068117115243,0
69,100404,37885,20.723636431346762,0
60,109906,19412,23.24882442082158,0
34,116019,21142,12.965251197984488,0
62,81944,38392,17.79738825217007,0
60,98002,9848,13.887783275888113,1
51,48803,14136,14.036418572268506,1
26,38230,1589,11.552232337608341,0
43,37862,21908,20.36152759878133,0
19,63355,7509,23.755443001246853,0
26,51259,10968,23.84464175507199,0
26,119075,3462,8.90823505506121,0
57,107445,10460,22.557501168303038,0
34,50795,34783,19.879913107828884,0
18,28770,10275,10.430329313460641,0
42,31093,29677,6.812049951969534,0
60,66571,14269,10.72594670424537,0
57,20193,1406,23.28806061723975,0
59,37569,8384,17.84698416046756,0
42,31190,23553,19.560565887508503,0
56,82824,25366,10.514470846627368,0
52,62752,18369,19.528069033708995,0
20,52327,12795,6.048369372419513,0
67,62070,5485,12.81876624257377,0
54,105925,3618,17.72169029657546,0
61,60197,31143,8.348883028055745,1
61,22261,30425,21.548569701715227,1
68,113905,23673,10.083110326832413,0
47,46512,10603,18.2194816999597,0
55,26716,6368,13.401344280218929,0
51,106795,5621,17.12285011181412,1
29,48933,15719,7.595285776263708,0
36,24378,30227,5.829799598471343,1
54,60583,8566,23.236506333915873,0
61,105371,13306,10.757785170960064,0
66,49033,25042,21.483701554218953,1
34,44000,16086,24.987330859207905,0
27,95868,18387,9.622909530978767,0
66,62604,28042,10.670829453075434,0
64,88336,24888,18.42576585887598,0
29,115074,27514,24.326248374712115,0
33,115655,19323,23.358379789719507,0
41,93869,19019,15.306072641278906,0
36,25410,10890,21.00465050927113,0
25,103375,11283,8.14704413544807,1
48,76044,19279,24.56004459197824,0
38,83315,23908,24.304888063701735,0
34,116055,38952,8.692714678643835,0
40,91344,36170,11.33875093366058,0
54,26796,38663,7.453022451381955,0
33,106716,10343,10.798493178514505,1
23,74245,11637,21.411137893596532,0
25,63056,35724,12.877154339722559,0
42,37709,30134,7.223740859361788,0
35,78557,4907,12.17339773318864,0
42,37543,34575,24.636975017704962,1
29,57418,5827,17.778830107554455,0
32,114611,31607,13.615138454920077,0
43,116038,14699,8.747501013196764,0
58,36724,38292,24.73044754703205,0
62,23828,26883,21.50655568063101,0
43,37087,6313,10.988807397792929,0
64,32605,14598,6.8663395665631946,0
49,51337,29807,6.604198368862382,0
27,25482,5887,7.84737391535791,0
33,85333,4854,16.824987380481222,1
24,112541,15536,23.610886713507103,1
34,108296,4558,15.186496846116697,0
40,70952,10772,21.937436907895844,0
43,25463,37343,14.194789087266253,0
38,90448,36186,19.317379142472593,0
39,24648,37966,19.771518377086764,0
24,53623,34769,8.892292265115103,0
31,79156,20229,12.54371315002833,1
32,55634,10673,17.927392052491467,1
24,64602,28877,6.878583859595141,0
26,69334,32601,12.550033661377654,0
68,88648,39084,15.928589592483252,0
65,42054,17244,24.926377614370455,0
25,90028,28356,14.753404471137594,0
67,42207,17806,21.41310676372931,0
40,100650,24099,13.925312058799046,1
46,119821,38034,21.02961909108432,0
35,101554,20094,17.110588631592115,0
48,41386,11589,22.788611109296767,0
47,103276,2657,13.513379770827143,0
69,79518,33764,17.283936186518837,0
56,72781,4164,17.785364272067135,1
52,72780,28542,13.63896736510923,0
35,81440,19437,8.31408485190589,0
59,64199,39505,7.324408434790543,0
56,81035,20601,5.825095236692846,0
34,28210,29430,22.533918152781684,1
31,64363,7009,10.111260788654544,0
48,98279,5552,9.624381610994476,1
41,80348,10417,19.852690308308276,0
52,75284,3671,11.74031420520414,0
61,92124,7519,15.367871502030813,0
62,88847,37730,8.668965773300398,0
51,42432,13734,24.2150415685084,0
20,84089,4722,22.10583730033613,1
54,75398,5906,22.343897647817563,0
60,119291,31096,13.432088097154102,0
57,23321,14699,20.36604366728987,0
43,101348,22438,8.305585030100714,0
40,57383,34576,5.668070550539715,0
61,98682,33247,5.889472185271549,0
56,99190,28938,16.938733879388927,0
32,72893,18600,14.380200652334846,0
66,55820,21435,15.601299303716136,0
21,86262,19581,5.645531238135779,0
46,23760,15191,13.742389083319802,0
39,42190,20190,19.502329143416787,0
42,87411,28386,14.132527188365,1
30,43377,32721,19.778274523088335,0
35,66737,14704,10.043869805738279,0
50,89569,3123,21.35626908739365,0
33,58211,26174,16.97440918884232,0
62,102909,15586,9.60988043888317,1
59,23744,32976,10.116049279149742,0
61,44995,26416,17.746594059105973,1
19,36977,2814,21.683822067642645,1
52,117938,14001,13.604741749568525,0
59,54542,17508,10.53685836798805,0
51,30651,20630,22.40672633475671,0
47,119239,14380,18.55073168914128,0
30,98931,36699,14.237667002019991,0
30,115344,13317,15.014053807946386,0
35,36715,36739,9.48300112475973,0
49,64409,35785,17.72265128626446,0
49,44306,32980,12.495478955586329,0
52,39086,24799,24.91508094514981,1
56,34376,36183,14.863578547606814,0
63,81350,30166,14.974769320697456,1
69,91425,20480,16.534109854508102,0
46,56636,2609,23.376742060815562,0
66,106120,1717,21.11595294726513,0
46,71649,20945,14.297036361057907,0
61,54610,26592,19.51463568646952,0
33,30058,29141,16.93159222622485,0
61,94637,31009,15.101157449674353,1
64,98033,7782,9.250157569294835,0
27,90194,27536,14.546757137370372,0
47,96917,34816,10.293462446940206,1
42,84200,26933,23.339421922107267,0
56,66619,12618,12.040432863178765,0
37,37154,9307,24.06914828340076,0
22,39539,27671,15.894578156846869,1
18,80058,11338,17.815115384185127,0
47,82068,39346,16.087338667541893,0
66,97313,7548,8.022922030850667,0
20,119932,22164,12.828513770654848,1
62,50373,28526,7.433349189413667,0
31,53154,32222,17.647603861575945,1
47,26031,21176,14.21404680640856,0
67,113533,3941,20.67070694563327,1
21,91975,6695,9.799174379487711,0
35,42785,26553,8.70903813937203,0
54,98928,39965,13.423478503793472,1
42,48669,39218,23.568414972758433,0
65,114475,26359,19.35322539274203,0
18,22282,25816,13.669010683461915,0
63,54624,9378,15.586807310209055,0
32,68438,2881,7.142153717953418,0
26,109900,14675,24.699229979334206,0
32,87534,5586,18.49494244155092,0
66,51705,26006,11.065379335036738,0
41,58244,23831,16.923263687197263,0
21,94964,36113,7.634906138345382,0
29,57437,17459,24.33381504174788,0
54,97872,33443,8.908307263725636,0
54,94878,31595,18.136591202076676,0
60,92982,6877,10.286362019509143,1
23,70583,5922,19.492446961646447,0
56,58392,5686,20.64801666118548,1
63,27461,33766,18.631684713772934,1
41,30516,15407,17.482739474976256,1
28,99285,33006,22.90314733206423,0
30,37514,32422,7.033220864300282,1
51,56268,13205,11.952837932713805,1
42,110486,22054,10.341605852801496,0
24,56788,24527,24.76627226027572,0
69,95749,19443,13.093100703504033,0
21,81049,17524,19.785947635187775,0
25,82493,29202,18.852140695679587,0
37,56027,1016,9.635584130808866,0
46,113547,17848,10.160454764125252,0
68,62849,21855,10.985048989284165,0
62,37858,19211,13.516981926057895,0
63,104162,26095,10.069338780185273,0
27,99003,39724,5.883203913563532,1
60,72395,38583,22.648164607740313,0
51,59758,3843,24.32939171192724,0
43,74312,30301,12.160622547115576,0
58,88670,27460,12.10088414879672,0
66,102279,32918,5.6382903491002345,0
20,35434,29747,18.764888422442294,1
23,84047,16972,21.59607796709826,0
22,67775,29310,8.358861857020061,1
22,95769,23927,8.613493812659438,0
64,86677,2094,20.906623374443036,0
40,103555,39892,17.51766959290582,0
66,105920,35172,6.374780873740482,1
26,65734,24324,17.63966631401449,0
52,108503,21674,11.523895595453439,0
37,60603,4982,12.690140531681497,1
66,96708,16790,20.509762656789164,0
59,101926,13205,21.313236257115907,0
52,88803,25338,13.306954223376698,1
67,59332,13748,23.969482252123917,0
35,111703,22097,13.42602300006541,0
34,41312,4092,20.550802686987144,0
41,113376,23692,14.935606659003051,0
20,104526,24862,23.00188036718064,0
49,64179,25860,23.201344251178483,0
52,91442,14971,7.204627753486135,0
55,60379,15616,23.761619960549403,0
30,37297,5933,21.597929409648106,1
64,22011,5926,20.930558929097003,1
42,64014,26763,9.417771123867688,0
26,31738,4969,21.19982457071597,0
21,114333,36733,22.077588326358217,1
31,67498,5319,11.138431521855942,0
54,31120,21323,24.06907152806531,0
51,28767,17428,6.472272854783703,1
28,42852,35578,8.423230438319223,1
58,99239,21950,15.98283219200453,0
20,20929,19293,16.72795318688504,0
45,97487,7364,18.080426624367618,0
46,111575,36349,5.8308980216515955,0
26,115040,1691,24.22715210513154,0
20,37438,31062,6.369467808315807,0
42,68515,1931,8.289708078106347,0
51,25744,32730,5.7732830917581115,1
29,103820,15226,16.553739449234847,1
59,62417,14861,23.679204236458958,0
26,27069,32301,18.485969738569054,1
32,62359,23766,21.54182063536833,1
57,39799,37174,5.758983467442311,0
42,118746,18695,16.069298320354658,0
22,113762,4121,14.461478061357678,0
28,90188,19257,15.229874912305464,0
51,109859,29164,6.908157114036165,0
41,27597,26491,18.846489540851493,0
32,67093,24165,15.31279808974337,0
55,57226,4748,20.42040257229465,0
25,92127,34045,14.96316736420345,1
22,111369,27553,8.412941906415426,0
65,97362,31497,18.14101060451753,0
43,46417,32308,8.86153406105074,0
35,38693,11374,22.51169398541889,0
23,99674,5675,17.45576666185021,1
54,73161,2170,8.565475729360607,0
65,22169,13450,24.265592120883532,0
30,104092,11680,15.608126535038751,1
45,42052,11068,6.921519811497273,0
22,91849,36230,17.72324163609381,0
30,93851,27206,10.437378686749799,0
34,28036,1287,21.1720223116074,1
67,51778,23337,21.447530434540717,0
57,47734,21666,24.589473439165907,0
62,43173,2161,15.286455854977822,0
49,50403,36131,14.371659154690875,0
46,86321,25535,20.192774306206374,1
68,91675,33528,8.083177798667569,0
20,26344,39751,16.164852518965922,0
57,38800,17527,16.15182820255159,0
51,45372,24853,7.244725894802551,1
57,81516,15758,13.650689667384814,0
44,40538,1244,22.139053572060437,1
30,83918,4178,22.194995628895875,1
62,34973,32831,7.435134465933779,0
50,91155,3176,7.269057213582702,0
23,79500,38770,10.622561801537739,0
41,56575,34654,22.55793821980287,1
36,62261,27627,8.013600408933229,0
33,47716,25881,19.539937651235203,0
57,23236,36422,7.472729582455512,1
45,35848,12984,17.651188148082596,0
50,22352,24776,12.443312332823325,0
65,21932,18755,20.883822277834405,0
58,96449,8135,10.05696375209459,0
30,28556,1320,17.96443567310422,1
60,106836,38422,10.095809424229756,0
62,25498,29635,19.416375520686998,0
42,96118,22684,22.5367216739346,1
59,70098,24238,7.972635082971821,0
53,84386,22889,22.39861592761232,1
44,29569,31313,17.074717461078812,1
55,76882,33535,7.978654571906968,0
24,90393,11770,13.837066179514384,0
22,20340,21426,8.63677572295941,0
60,63949,8498,19.156783832898107,0
62,102302,17395,20.297928621150017,0
68,82443,3537,7.56303214531958,0
48,111668,20226,15.369727127545564,0
40,94027,16216,21.385188592505386,1
59,20138,19613,23.755179310244433,0
27,20358,4009,15.513598401464515,0
49,95250,25368,24.03044486042244,0
60,105376,30327,15.945934923892581,1
47,119931,15209,13.186714644698206,0
56,50654,16029,22.03996100678146,1
48,45879,3077,15.113162853932737,0
35,101532,14907,14.7020989560082,0
53,75778,37635,15.061093543491651,0
19,57772,5873,22.012307536460035,0
31,78478,9635,21.722860062917018,0
30,84353,34065,13.368639852584117,0
46,46762,34783,11.999347267475237,0
29,33283,35152,15.092596468763022,1
56,83922,30092,16.669063939873624,0
19,59420,18653,10.14757560724594,1
49,75568,33463,20.982124151954018,0
30,105090,35028,14.986413931782247,0
63,40219,21947,12.013888194189212,0
44,77169,30978,7.583009362797817,0
66,94965,23056,10.157480627870335,0
58,66840,30007,24.01098284924168,0
34,64695,6543,11.449443892980769,0
57,104754,22067,8.792756142657188,0
48,97988,26097,14.483119437272368,0
51,78342,4809,11.488210995524849,1
41,38951,23191,6.185605380288286,0
62,21307,22267,11.801331736948637,0
52,100388,8206,16.11011816681964,0
65,110768,22057,16.258391254389355,0
23,55428,29992,12.45289896294933,0
36,112021,16995,14.222403746925712,0
47,95774,14210,24.327599405577946,0
24,58975,18793,12.858295305991078,0
27,21140,27270,10.535422858569667,0
58,44842,6197,10.247607359301822,0
49,46421,8452,14.426409947730615,0
51,21708,15859,20.310642899980408,1
45,23630,28236,9.516769591675228,0
32,39595,32899,19.331274479244975,0
47,96021,33083,5.9124215553136175,1
54,48308,3172,13.669193070686948,1
46,64789,17663,20.629368771454345,0
39,75690,28540,12.105292637601412,0
21,46086,20053,16.492873478185288,1
37,36859,12085,9.497095040105261,0
49,27684,31564,19.96891012696036,1
53,111088,25209,6.519442513740812,0
67,21207,4981,22.124581575072256,0
21,66099,22153,9.36482953522253,0
44,87496,6247,22.55076161831245,0
34,86093,11553,12.374320205360089,1
29,49689,21811,19.59232970225249,1
39,68651,30845,11.724893306830676,0
34,33893,7135,23.16527758907563,0
27,117808,6573,7.9694239476083,1
18,86418,14731,8.981135890815676,0
39,80011,8189,15.114087440596645,0
43,58635,15541,7.09779956124385,0
35,76115,12087,9.321613601684358,0
67,115071,3776,23.90344445313428,1
31,98405,28564,24.5415483923838,0
64,92702,29835,12.837056921943228,0
46,98518,8697,23.504077409771746,1
29,92805,15629,16.12408117563192,0
53,78954,9386,10.759978084538456,0
52,48064,18046,19.196775061071673,0
69,99063,9044,18.348585228209714,0
29,22454,10615,24.7879437226203,0
24,40878,6060,10.668422104481024,0
46,71098,11900,18.60516030190384,0
28,82154,6581,6.514463223074214,0
50,32991,35782,7.716097754586029,0
23,88344,21173,5.576408311546318,0
64,56593,13997,24.989483280663627,0
32,56304,8148,21.144337094375814,0
49,50386,19748,20.841098787304045,0
68,75220,15022,15.439658468119504,0
28,89338,21013,11.351308116656078,1
40,114289,39687,8.44965354702218,1
43,41083,16886,11.051157407506041,0
51,38354,26256,12.831438827618213,1
63,42190,31005,20.248046891115735,0
51,26142,7638,16.02340488361147,1
46,48398,38419,7.010930717831912,0
21,71971,34377,5.851565674698788,0
34,61862,37634,7.495477500914231,0
52,118668,17755,13.504724917098898,0
30,73410,24382,23.697261882455855,1
58,39503,23394,17.92934838357982,0
56,68456,3253,21.135605047572547,0
32,102035,38710,14.594304592838697,0
46,28016,1864,12.552488622303335,0
46,22384,35036,7.613807267974144,0
28,82320,14666,22.580693932630997,0
69,35072,21955,20.771620566044106,1
49,100018,38997,8.77830290315564,0
19,60510,17309,15.48908099558708,0
64,68933,5054,15.003808754464275,1
31,41826,1935,17.689285277387306,0
37,88026,23778,23.950644432829595,0
39,45518,17709,16.805543114368355,0
28,44045,10726,16.034236702183062,1
44,70876,21245,6.481297192225947,0
20,112446,35753,6.726695782351467,1
34,110102,15252,9.153262430872383,1
61,71919,22316,6.133180047989091,0
45,119441,38371,19.995381463615242,0
46,47103,20162,19.604940927882282,0
38,56188,16960,8.153096571417038,0
64,25845,31791,21.803538565507978,1
33,106698,26216,8.518327679499183,1
54,56674,33467,11.372923946448497,0
37,39337,8754,10.355049533646618,0
23,42313,5078,12.75998842217443,0
36,46943,13853,10.465943434854257,0
22,97949,5042,15.034543065549816,0
20,20276,15389,13.444453686416367,0
18,71151,31425,24.738105070196866,0
55,37611,3575,6.5905638275004,0
32,31944,29179,8.272536839553357,0
51,72887,35754,6.530104931217748,1
52,101442,19624,17.703903302156327,1
66,69847,21350,6.562930909567532,0
42,78653,27681,21.810574878834405,0
41,106072,24988,15.482803298297592,0
29,76622,16470,15.776648679339907,0
35,47810,25704,16.451092900387785,0
32,97842,39736,8.830867272971108,0
61,30503,30377,9.354960910732506,0
33,104761,29572,11.716937796023592,0
44,56976,8493,17.073180108526103,0
25,31590,5103,9.597296630834183,0
63,30886,35844,7.768468679098595,0
42,32866,3994,24.417279285159427,1
34,86624,4744,5.928645388787647,0
46,88899,28332,21.152599404052424,0
25,52792,6594,20.866685416712933,0
32,29764,8371,11.295675219979373,1
44,106156,19028,8.144719012142613,0
63,62727,36912,8.339758610755757,0
67,98471,14990,19.099916536125253,1
69,28068,17626,18.034728526180388,0
24,27295,21469,20.76354064790204,0
20,61160,8130,23.78088286178254,0
